name,region,country,lat,lon,tz_id,localtime_epoch,localtime,last_updated_epoch,last_updated,temp_c,temp_f,is_day,condition.text,condition.icon,condition.code,wind_mph,wind_kph,wind_degree,wind_dir,pressure_mb,pressure_in,precip_mm,precip_in,humidity,cloud,feelslike_c,feelslike_f,vis_km,vis_miles,uv,gust_mph,gust_kph
Warsaw,,Poland,52.25,21.0,Europe/Warsaw,1669990530,2022-12-02 15:15,1669989600,2022-12-02 15:00,-3.0,26.6,1,Overcast,//cdn.weatherapi.com/weather/64x64/day/122.png,1009,9.4,15.1,90,E,1028.0,30.36,0.0,0.0,80,100,-7.5,18.5,10.0,6.0,2.0,11.0,17.6
Warsaw,,Poland,52.25,21.0,Europe/Warsaw,1669990810,2022-12-02 15:20,1669990500,2022-12-02 15:15,-3.0,26.6,1,Overcast,//cdn.weatherapi.com/weather/64x64/day/122.png,1009,9.4,15.1,70,ENE,1028.0,30.36,0.0,0.0,80,100,-7.5,18.5,10.0,6.0,2.0,11.0,17.6
Warsaw,,Poland,52.25,21.0,Europe/Warsaw,1669991764,2022-12-02 15:36,1669991400,2022-12-02 15:30,-3.0,26.6,0,Overcast,//cdn.weatherapi.com/weather/64x64/night/122.png,1009,9.4,15.1,70,ENE,1028.0,30.36,0.0,0.0,80,100,-7.5,18.5,10.0,6.0,2.0,11.0,17.6
Warsaw,,Poland,52.25,21.0,Europe/Warsaw,1669993743,2022-12-02 16:09,1669993200,2022-12-02 16:00,-3.0,26.6,0,Overcast,//cdn.weatherapi.com/weather/64x64/night/122.png,1009,9.4,15.1,90,E,1028.0,30.36,0.0,0.0,86,100,-7.5,18.5,10.0,6.0,1.0,11.9,19.1
Warsaw,,Poland,52.25,21.0,Europe/Warsaw,1669996148,2022-12-02 16:49,1669995900,2022-12-02 16:45,-3.0,26.6,0,Overcast,//cdn.weatherapi.com/weather/64x64/night/122.png,1009,9.4,15.1,70,ENE,1028.0,30.36,0.0,0.0,86,100,-7.5,18.5,9.0,5.0,1.0,11.9,19.1
Warsaw,,Poland,52.25,21.0,Europe/Warsaw,1669996734,2022-12-02 16:58,1669995900,2022-12-02 16:45,-3.0,26.6,0,Overcast,//cdn.weatherapi.com/weather/64x64/night/122.png,1009,9.4,15.1,70,ENE,1028.0,30.36,0.0,0.0,86,100,-7.5,18.5,9.0,5.0,1.0,11.9,19.1
Warsaw,,Poland,52.25,21.0,Europe/Warsaw,1669997135,2022-12-02 17:05,1669996800,2022-12-02 17:00,-3.0,26.6,0,Overcast,//cdn.weatherapi.com/weather/64x64/night/122.png,1009,9.4,15.1,70,ENE,1028.0,30.36,0.0,0.0,86,100,-7.7,18.2,9.0,5.0,1.0,12.3,19.8
Warsaw,,Poland,52.25,21.0,Europe/Warsaw,1669998019,2022-12-02 17:20,1669997700,2022-12-02 17:15,-3.0,26.6,0,Overcast,//cdn.weatherapi.com/weather/64x64/night/122.png,1009,10.5,16.9,70,ENE,1028.0,30.36,0.0,0.0,86,100,-7.7,18.2,8.0,4.0,1.0,12.3,19.8
Warsaw,,Poland,52.25,21.0,Europe/Warsaw,1669999220,2022-12-02 17:40,1669998600,2022-12-02 17:30,-3.0,26.6,0,Overcast,//cdn.weatherapi.com/weather/64x64/night/122.png,1009,10.5,16.9,70,ENE,1028.0,30.36,0.0,0.0,86,100,-7.7,18.2,8.0,4.0,1.0,12.3,19.8
Warsaw,,Poland,52.25,21.0,Europe/Warsaw,1669999630,2022-12-02 17:47,1669998600,2022-12-02 17:30,-3.0,26.6,0,Overcast,//cdn.weatherapi.com/weather/64x64/night/122.png,1009,10.5,16.9,70,ENE,1028.0,30.36,0.0,0.0,86,100,-7.6,18.4,8.0,4.0,1.0,11.6,18.7
Warsaw,,Poland,52.25,21.0,Europe/Warsaw,1670000964,2022-12-02 18:09,1670000400,2022-12-02 18:00,-4.0,24.8,0,Overcast,//cdn.weatherapi.com/weather/64x64/night/122.png,1009,10.5,16.9,90,E,1028.0,30.36,0.0,0.0,93,100,-8.9,16.0,7.0,4.0,1.0,11.9,19.1
Warsaw,,Poland,52.25,21.0,Europe/Warsaw,1670004984,2022-12-02 19:16,1670004000,2022-12-02 19:00,-4.0,24.8,0,Light freezing rain,//cdn.weatherapi.com/weather/64x64/night/311.png,1198,9.4,15.1,70,ENE,1029.0,30.39,0.0,0.0,93,100,-8.9,16.0,6.0,3.0,1.0,11.2,18.0
Warsaw,,Poland,52.25,21.0,Europe/Warsaw,1670005676,2022-12-02 19:27,1670004900,2022-12-02 19:15,-4.0,24.8,0,Light freezing rain,//cdn.weatherapi.com/weather/64x64/night/311.png,1198,10.5,16.9,90,E,1029.0,30.39,0.0,0.0,93,100,-8.9,16.0,6.0,3.0,1.0,11.2,18.0
Warsaw,,Poland,52.25,21.0,Europe/Warsaw,1670007183,2022-12-02 19:53,1670006700,2022-12-02 19:45,-4.0,24.8,0,Light snow,//cdn.weatherapi.com/weather/64x64/night/326.png,1213,8.1,13.0,70,ENE,1029.0,30.39,0.0,0.0,100,100,-8.9,16.0,6.0,3.0,1.0,11.2,18.0
Warsaw,,Poland,52.25,21.0,Europe/Warsaw,1670007863,2022-12-02 20:04,1670007600,2022-12-02 20:00,-4.0,24.8,0,Light snow,//cdn.weatherapi.com/weather/64x64/night/326.png,1213,8.1,13.0,70,ENE,1029.0,30.39,0.0,0.0,100,100,-8.8,16.2,6.0,3.0,1.0,11.2,18.0
Warsaw,,Poland,52.25,21.0,Europe/Warsaw,1670008093,2022-12-02 20:08,1670007600,2022-12-02 20:00,-4.0,24.8,0,Light snow,//cdn.weatherapi.com/weather/64x64/night/326.png,1213,8.1,13.0,70,ENE,1029.0,30.39,0.0,0.0,100,100,-8.8,16.2,6.0,3.0,1.0,11.2,18.0
Warsaw,,Poland,52.25,21.0,Europe/Warsaw,1670009199,2022-12-02 20:26,1670008500,2022-12-02 20:15,-3.0,26.6,0,Light freezing rain,//cdn.weatherapi.com/weather/64x64/night/311.png,1198,8.1,13.0,70,ENE,1028.0,30.36,0.0,0.0,93,100,-7.6,18.4,6.0,3.0,1.0,11.2,18.0
Warsaw,,Poland,52.25,21.0,Europe/Warsaw,1670009911,2022-12-02 20:38,1670009400,2022-12-02 20:30,-3.0,26.6,0,Light freezing rain,//cdn.weatherapi.com/weather/64x64/night/311.png,1198,8.1,13.0,70,ENE,1028.0,30.36,0.0,0.0,93,100,-7.6,18.4,6.0,3.0,1.0,11.2,18.0
Warsaw,,Poland,52.25,21.0,Europe/Warsaw,1670010660,2022-12-02 20:51,1670010300,2022-12-02 20:45,-3.0,26.6,0,Light freezing rain,//cdn.weatherapi.com/weather/64x64/night/311.png,1198,8.1,13.0,80,E,1028.0,30.36,0.0,0.0,93,100,-7.6,18.4,6.0,3.0,1.0,11.2,18.0
Warsaw,,Poland,52.25,21.0,Europe/Warsaw,1670014023,2022-12-02 21:47,1670013900,2022-12-02 21:45,-3.0,26.6,0,Mist,//cdn.weatherapi.com/weather/64x64/night/143.png,1030,6.9,11.2,70,ENE,1028.0,30.36,0.0,0.0,93,100,-7.4,18.7,6.0,3.0,1.0,10.5,16.9
Warsaw,,Poland,52.25,21.0,Europe/Warsaw,1670014806,2022-12-02 22:00,1670013900,2022-12-02 21:45,-3.0,26.6,0,Mist,//cdn.weatherapi.com/weather/64x64/night/143.png,1030,6.9,11.2,70,ENE,1028.0,30.36,0.0,0.0,93,100,-7.4,18.7,6.0,3.0,1.0,10.5,16.9
Warsaw,,Poland,52.25,21.0,Europe/Warsaw,1670015968,2022-12-02 22:19,1670015700,2022-12-02 22:15,-3.0,26.6,0,Mist,//cdn.weatherapi.com/weather/64x64/night/143.png,1030,9.4,15.1,70,ENE,1028.0,30.36,0.0,0.0,93,100,-7.3,18.8,7.0,4.0,1.0,10.1,16.2
Warsaw,,Poland,52.25,21.0,Europe/Warsaw,1670016719,2022-12-02 22:31,1670016600,2022-12-02 22:30,-3.0,26.6,0,Mist,//cdn.weatherapi.com/weather/64x64/night/143.png,1030,9.4,15.1,70,ENE,1028.0,30.36,0.0,0.0,93,100,-7.3,18.8,7.0,4.0,1.0,10.1,16.2
Warsaw,,Poland,52.25,21.0,Europe/Warsaw,1670018294,2022-12-02 22:58,1670017500,2022-12-02 22:45,-3.0,26.6,0,Overcast,//cdn.weatherapi.com/weather/64x64/night/122.png,1009,9.4,15.1,70,ENE,1028.0,30.36,0.0,0.0,93,100,-7.3,18.8,7.0,4.0,1.0,10.1,16.2
Warsaw,,Poland,52.25,21.0,Europe/Warsaw,1670018917,2022-12-02 23:08,1670018400,2022-12-02 23:00,-3.0,26.6,0,Overcast,//cdn.weatherapi.com/weather/64x64/night/122.png,1009,9.4,15.1,70,ENE,1028.0,30.36,0.0,0.0,93,100,-7.4,18.7,7.0,4.0,1.0,10.5,16.9
Warsaw,,Poland,52.25,21.0,Europe/Warsaw,1670020149,2022-12-02 23:29,1670019300,2022-12-02 23:15,-3.0,26.6,0,Overcast,//cdn.weatherapi.com/weather/64x64/night/122.png,1009,9.4,15.1,70,ENE,1028.0,30.36,0.0,0.0,93,100,-7.4,18.7,7.0,4.0,1.0,10.5,16.9
Warsaw,,Poland,52.25,21.0,Europe/Warsaw,1670021863,2022-12-02 23:57,1670021100,2022-12-02 23:45,-3.0,26.6,0,Overcast,//cdn.weatherapi.com/weather/64x64/night/122.png,1009,8.1,13.0,70,ENE,1028.0,30.36,0.0,0.0,93,100,-7.4,18.7,8.0,4.0,1.0,10.5,16.9
Warsaw,,Poland,52.25,21.0,Europe/Warsaw,1670026399,2022-12-03 1:13,1670025600,2022-12-03 01:00,-3.0,26.6,0,Overcast,//cdn.weatherapi.com/weather/64x64/night/122.png,1009,5.6,9.0,70,ENE,1028.0,30.36,0.0,0.0,93,100,-7.3,18.8,8.0,4.0,1.0,10.3,16.6
Warsaw,,Poland,52.25,21.0,Europe/Warsaw,1670054970,2022-12-03 9:09,1670054400,2022-12-03 09:00,-2.0,28.4,1,Light snow,//cdn.weatherapi.com/weather/64x64/day/326.png,1213,6.9,11.2,90,E,1027.0,30.33,0.0,0.0,93,75,-6.1,21.0,10.0,6.0,1.0,10.5,16.9
Warsaw,,Poland,52.25,21.0,Europe/Warsaw,1670063908,2022-12-03 11:38,1670063400,2022-12-03 11:30,-1.0,30.2,1,Light snow,//cdn.weatherapi.com/weather/64x64/day/326.png,1213,6.9,11.2,90,E,1027.0,30.33,0.0,0.0,93,75,-4.7,23.5,6.0,3.0,1.0,9.4,15.1
Warsaw,,Poland,52.25,21.0,Europe/Warsaw,1670094772,2022-12-03 20:12,1670094000,2022-12-03 20:00,1.0,33.8,0,Mist,//cdn.weatherapi.com/weather/64x64/night/143.png,1030,10.5,16.9,110,ESE,1026.0,30.3,0.0,0.0,93,100,-2.1,28.1,4.5,2.0,1.0,11.6,18.7
Warsaw,,Poland,52.25,21.0,Europe/Warsaw,1670113574,2022-12-04 1:26,1670112900,2022-12-04 01:15,1.0,33.8,0,Mist,//cdn.weatherapi.com/weather/64x64/night/143.png,1030,12.5,20.2,130,SE,1026.0,30.3,0.0,0.0,93,100,-2.9,26.9,4.0,2.0,1.0,15.0,24.1
Warsaw,,Poland,52.25,21.0,Europe/Warsaw,1670116818,2022-12-04 2:20,1670116500,2022-12-04 02:15,1.0,33.8,0,Mist,//cdn.weatherapi.com/weather/64x64/night/143.png,1030,10.5,16.9,120,ESE,1026.0,30.3,0.0,0.0,93,100,-3.1,26.5,4.6,2.0,1.0,15.2,24.5
Warsaw,,Poland,52.25,21.0,Europe/Warsaw,1670117027,2022-12-04 2:23,1670116500,2022-12-04 02:15,1.0,33.8,0,Mist,//cdn.weatherapi.com/weather/64x64/night/143.png,1030,10.5,16.9,120,ESE,1026.0,30.3,0.0,0.0,93,100,-3.1,26.5,4.6,2.0,1.0,15.2,24.5
Warsaw,,Poland,52.25,21.0,Europe/Warsaw,1670123726,2022-12-04 4:15,1670122800,2022-12-04 04:00,1.0,33.8,0,Mist,//cdn.weatherapi.com/weather/64x64/night/143.png,1030,12.5,20.2,120,ESE,1026.0,30.3,0.0,0.0,93,100,-3.2,26.2,4.8,2.0,1.0,15.7,25.2
Warsaw,,Poland,52.25,21.0,Europe/Warsaw,1670127448,2022-12-04 5:17,1670127300,2022-12-04 05:15,1.0,33.8,0,Overcast,//cdn.weatherapi.com/weather/64x64/night/122.png,1009,15.0,24.1,120,ESE,1026.0,30.3,0.0,0.0,93,100,-3.3,26.0,6.0,3.0,1.0,15.7,25.2
Warsaw,,Poland,52.25,21.0,Europe/Warsaw,1670130848,2022-12-04 6:14,1670130000,2022-12-04 06:00,1.0,33.8,0,Mist,//cdn.weatherapi.com/weather/64x64/night/143.png,1030,16.1,25.9,110,ESE,1026.0,30.3,0.0,0.0,93,100,-3.5,25.7,5.0,3.0,1.0,16.1,25.9
Warsaw,,Poland,52.25,21.0,Europe/Warsaw,1670133615,2022-12-04 7:00,1670132700,2022-12-04 06:45,1.0,33.8,0,Overcast,//cdn.weatherapi.com/weather/64x64/night/122.png,1009,16.1,25.9,120,ESE,1026.0,30.3,0.0,0.0,93,100,-3.5,25.7,7.0,4.0,1.0,16.1,25.9
Warsaw,,Poland,52.25,21.0,Europe/Warsaw,1670135506,2022-12-04 7:31,1670135400,2022-12-04 07:30,1.0,33.8,1,Overcast,//cdn.weatherapi.com/weather/64x64/day/122.png,1009,13.6,22.0,120,ESE,1026.0,30.3,0.0,0.0,93,100,-3.5,25.7,7.0,4.0,1.0,16.3,26.3
Warsaw,,Poland,52.25,21.0,Europe/Warsaw,1670136360,2022-12-04 7:46,1670135400,2022-12-04 07:30,1.0,33.8,1,Overcast,//cdn.weatherapi.com/weather/64x64/day/122.png,1009,13.6,22.0,120,ESE,1026.0,30.3,0.0,0.0,93,100,-3.5,25.7,7.0,4.0,1.0,16.3,26.3
Warsaw,,Poland,52.25,21.0,Europe/Warsaw,1670138799,2022-12-04 8:26,1670138100,2022-12-04 08:15,1.0,33.8,1,Overcast,//cdn.weatherapi.com/weather/64x64/day/122.png,1009,13.6,22.0,120,ESE,1026.0,30.3,0.0,0.0,93,100,-3.6,25.5,6.0,3.0,2.0,16.8,27.0
Warsaw,,Poland,52.25,21.0,Europe/Warsaw,1670142727,2022-12-04 9:32,1670142600,2022-12-04 09:30,1.0,33.8,1,Overcast,//cdn.weatherapi.com/weather/64x64/day/122.png,1009,15.0,24.1,120,ESE,1027.0,30.33,0.0,0.0,93,100,-3.7,25.4,6.0,3.0,2.0,16.3,26.3
Warsaw,,Poland,52.25,21.0,Europe/Warsaw,1670146870,2022-12-04 10:41,1670146200,2022-12-04 10:30,0.0,32.0,1,Mist,//cdn.weatherapi.com/weather/64x64/day/143.png,1030,5.6,9.0,50,NE,1023.0,30.21,0.0,0.0,100,100,-5.1,22.8,2.4,1.0,2.0,16.8,27.0
Warsaw,,Poland,52.25,21.0,Europe/Warsaw,1670148488,2022-12-04 11:08,1670148000,2022-12-04 11:00,0.0,32.0,1,Mist,//cdn.weatherapi.com/weather/64x64/day/143.png,1030,4.3,6.8,50,NE,1023.0,30.21,0.0,0.0,100,100,-5.1,22.8,2.2,1.0,2.0,15.0,24.1
Warsaw,,Poland,52.25,21.0,Europe/Warsaw,1670148902,2022-12-04 11:15,1670148000,2022-12-04 11:00,0.0,32.0,1,Mist,//cdn.weatherapi.com/weather/64x64/day/143.png,1030,4.3,6.8,50,NE,1023.0,30.21,0.0,0.0,100,100,-5.1,22.8,2.2,1.0,2.0,15.0,24.1
Warsaw,,Poland,52.25,21.0,Europe/Warsaw,1670150036,2022-12-04 11:33,1670149800,2022-12-04 11:30,0.0,32.0,1,Mist,//cdn.weatherapi.com/weather/64x64/day/143.png,1030,4.3,6.8,50,NE,1023.0,30.21,0.0,0.0,100,100,-5.1,22.9,2.6,1.0,1.0,15.0,24.1
Warsaw,,Poland,52.25,21.0,Europe/Warsaw,1670150703,2022-12-04 11:45,1670149800,2022-12-04 11:30,0.0,32.0,1,Mist,//cdn.weatherapi.com/weather/64x64/day/143.png,1030,4.3,6.8,50,NE,1023.0,30.21,0.0,0.0,100,100,-5.1,22.9,2.6,1.0,1.0,15.0,24.1
Warsaw,,Poland,52.25,21.0,Europe/Warsaw,1670151918,2022-12-04 12:05,1670151600,2022-12-04 12:00,0.0,32.0,1,Mist,//cdn.weatherapi.com/weather/64x64/day/143.png,1030,4.3,6.8,50,NE,1022.0,30.18,0.0,0.0,100,100,-5.2,22.7,2.7,1.0,2.0,15.2,24.5
Warsaw,,Poland,52.25,21.0,Europe/Warsaw,1670155124,2022-12-04 12:58,1670154300,2022-12-04 12:45,1.0,33.8,1,Mist,//cdn.weatherapi.com/weather/64x64/day/143.png,1030,5.6,9.0,40,NE,1022.0,30.18,0.0,0.0,93,100,-3.9,25.0,2.6,1.0,2.0,15.2,24.5
Warsaw,,Poland,52.25,21.0,Europe/Warsaw,1670155499,2022-12-04 13:04,1670155200,2022-12-04 13:00,1.0,33.8,1,Mist,//cdn.weatherapi.com/weather/64x64/day/143.png,1030,5.6,9.0,40,NE,1022.0,30.18,0.0,0.0,93,100,-4.0,24.8,2.6,1.0,2.0,15.9,25.6
Warsaw,,Poland,52.25,21.0,Europe/Warsaw,1670156102,2022-12-04 13:15,1670155200,2022-12-04 13:00,1.0,33.8,1,Mist,//cdn.weatherapi.com/weather/64x64/day/143.png,1030,5.6,9.0,40,NE,1022.0,30.18,0.0,0.0,93,100,-4.0,24.8,2.6,1.0,2.0,15.9,25.6
Warsaw,,Poland,52.25,21.0,Europe/Warsaw,1670158282,2022-12-04 13:51,1670157900,2022-12-04 13:45,1.0,33.8,1,Mist,//cdn.weatherapi.com/weather/64x64/day/143.png,1030,4.3,6.8,40,NE,1022.0,30.18,0.0,0.0,93,100,-4.0,24.8,2.4,1.0,2.0,15.9,25.6
Warsaw,,Poland,52.25,21.0,Europe/Warsaw,1670158805,2022-12-04 14:00,1670157900,2022-12-04 13:45,1.0,33.8,1,Mist,//cdn.weatherapi.com/weather/64x64/day/143.png,1030,4.3,6.8,40,NE,1022.0,30.18,0.0,0.0,93,100,-4.0,24.8,2.4,1.0,2.0,15.9,25.6
Warsaw,,Poland,52.25,21.0,Europe/Warsaw,1670159705,2022-12-04 14:15,1670158800,2022-12-04 14:00,1.0,33.8,1,Mist,//cdn.weatherapi.com/weather/64x64/day/143.png,1030,4.3,6.8,40,NE,1022.0,30.18,0.0,0.0,93,100,-4.2,24.4,2.4,1.0,2.0,17.2,27.7
Warsaw,,Poland,52.25,21.0,Europe/Warsaw,1670160605,2022-12-04 14:30,1670159700,2022-12-04 14:15,1.0,33.8,1,Mist,//cdn.weatherapi.com/weather/64x64/day/143.png,1030,4.3,6.8,40,NE,1022.0,30.18,0.0,0.0,100,100,-4.2,24.4,2.5,1.0,2.0,17.2,27.7
Warsaw,,Poland,52.25,21.0,Europe/Warsaw,1670161505,2022-12-04 14:45,1670160600,2022-12-04 14:30,1.0,33.8,1,Mist,//cdn.weatherapi.com/weather/64x64/day/143.png,1030,4.3,6.8,40,NE,1022.0,30.18,0.0,0.0,100,100,-4.2,24.4,2.5,1.0,2.0,17.2,27.7
Warsaw,,Poland,52.25,21.0,Europe/Warsaw,1670162405,2022-12-04 15:00,1670161500,2022-12-04 14:45,1.0,33.8,1,Mist,//cdn.weatherapi.com/weather/64x64/day/143.png,1030,5.6,9.0,50,NE,1022.0,30.18,0.0,0.0,100,100,-4.2,24.4,2.7,1.0,2.0,17.2,27.7
Warsaw,,Poland,52.25,21.0,Europe/Warsaw,1670163305,2022-12-04 15:15,1670162400,2022-12-04 15:00,1.0,33.8,1,Mist,//cdn.weatherapi.com/weather/64x64/day/143.png,1030,5.6,9.0,50,NE,1022.0,30.18,0.0,0.0,100,100,-4.1,24.7,2.7,1.0,2.0,17.2,27.7
Warsaw,,Poland,52.25,21.0,Europe/Warsaw,1670164204,2022-12-04 15:30,1670163300,2022-12-04 15:15,1.0,33.8,0,Mist,//cdn.weatherapi.com/weather/64x64/night/143.png,1030,4.3,6.8,40,NE,1021.0,30.15,0.0,0.0,100,100,-4.1,24.7,2.8,1.0,2.0,17.2,27.7
Warsaw,,Poland,52.25,21.0,Europe/Warsaw,1670165105,2022-12-04 15:45,1670164200,2022-12-04 15:30,1.0,33.8,0,Mist,//cdn.weatherapi.com/weather/64x64/night/143.png,1030,4.3,6.8,40,NE,1021.0,30.15,0.0,0.0,100,100,-4.1,24.7,2.8,1.0,2.0,17.2,27.7
Warsaw,,Poland,52.25,21.0,Europe/Warsaw,1670169806,2022-12-04 17:03,1670169600,2022-12-04 17:00,1.0,33.8,0,Mist,//cdn.weatherapi.com/weather/64x64/night/143.png,1030,3.8,6.1,50,NE,1021.0,30.15,0.0,0.0,100,100,-4.1,24.7,3.3,2.0,1.0,16.3,26.3
Warsaw,,Poland,52.25,21.0,Europe/Warsaw,1670171121,2022-12-04 17:25,1670170500,2022-12-04 17:15,1.0,33.8,0,Mist,//cdn.weatherapi.com/weather/64x64/night/143.png,1030,5.6,9.0,80,E,1021.0,30.15,0.0,0.0,100,100,-4.1,24.7,3.5,2.0,1.0,16.3,26.3
Warsaw,,Poland,52.25,21.0,Europe/Warsaw,1670173593,2022-12-04 18:06,1670173200,2022-12-04 18:00,1.0,33.8,0,Mist,//cdn.weatherapi.com/weather/64x64/night/143.png,1030,6.9,11.2,90,E,1021.0,30.15,0.0,0.0,100,100,-4.0,24.8,4.0,2.0,1.0,16.1,25.9
Warsaw,,Poland,52.25,21.0,Europe/Warsaw,1670176512,2022-12-04 18:55,1670175900,2022-12-04 18:45,1.0,33.8,0,Mist,//cdn.weatherapi.com/weather/64x64/night/143.png,1030,4.3,6.8,50,NE,1021.0,30.15,0.0,0.0,100,100,-4.0,24.8,4.0,2.0,1.0,16.1,25.9
Warsaw,,Poland,52.25,21.0,Europe/Warsaw,1670179435,2022-12-04 19:43,1670178600,2022-12-04 19:30,1.0,33.8,0,Mist,//cdn.weatherapi.com/weather/64x64/night/143.png,1030,5.6,9.0,70,ENE,1021.0,30.15,0.0,0.0,100,100,-4.0,24.8,2.5,1.0,1.0,15.9,25.6
Warsaw,,Poland,52.25,21.0,Europe/Warsaw,1670180847,2022-12-04 20:07,1670180400,2022-12-04 20:00,1.0,33.8,0,Mist,//cdn.weatherapi.com/weather/64x64/night/143.png,1030,5.6,9.0,80,E,1021.0,30.15,0.0,0.0,100,100,-4.0,24.8,2.5,1.0,1.0,18.6,29.9
Warsaw,,Poland,52.25,21.0,Europe/Warsaw,1670181305,2022-12-04 20:15,1670180400,2022-12-04 20:00,1.0,33.8,0,Mist,//cdn.weatherapi.com/weather/64x64/night/143.png,1030,5.6,9.0,80,E,1021.0,30.15,0.0,0.0,100,100,-4.0,24.8,2.5,1.0,1.0,18.6,29.9
Warsaw,,Poland,52.25,21.0,Europe/Warsaw,1670182202,2022-12-04 20:30,1670181300,2022-12-04 20:15,1.0,33.8,0,Mist,//cdn.weatherapi.com/weather/64x64/night/143.png,1030,5.6,9.0,90,E,1021.0,30.15,0.0,0.0,100,100,-4.0,24.8,3.0,1.0,1.0,18.6,29.9
Warsaw,,Poland,52.25,21.0,Europe/Warsaw,1670183102,2022-12-04 20:45,1670182200,2022-12-04 20:30,1.0,33.8,0,Mist,//cdn.weatherapi.com/weather/64x64/night/143.png,1030,5.6,9.0,90,E,1021.0,30.15,0.0,0.0,100,100,-4.0,24.8,3.0,1.0,1.0,18.6,29.9
Warsaw,,Poland,52.25,21.0,Europe/Warsaw,1670184006,2022-12-04 21:00,1670183100,2022-12-04 20:45,1.0,33.8,0,Mist,//cdn.weatherapi.com/weather/64x64/night/143.png,1030,9.4,15.1,90,E,1021.0,30.15,0.0,0.0,100,100,-4.0,24.8,4.0,2.0,1.0,18.6,29.9
Warsaw,,Poland,52.25,21.0,Europe/Warsaw,1670184904,2022-12-04 21:15,1670184000,2022-12-04 21:00,1.0,33.8,0,Mist,//cdn.weatherapi.com/weather/64x64/night/143.png,1030,9.4,15.1,90,E,1021.0,30.15,0.0,0.0,100,100,-4.3,24.4,4.0,2.0,1.0,19.9,32.0
Warsaw,,Poland,52.25,21.0,Europe/Warsaw,1670185803,2022-12-04 21:30,1670184900,2022-12-04 21:15,1.0,33.8,0,Mist,//cdn.weatherapi.com/weather/64x64/night/143.png,1030,6.9,11.2,100,E,1021.0,30.15,0.0,0.0,100,100,-4.3,24.4,3.5,2.0,1.0,19.9,32.0
Warsaw,,Poland,52.25,21.0,Europe/Warsaw,1670187656,2022-12-04 22:00,1670186700,2022-12-04 21:45,1.0,33.8,0,Mist,//cdn.weatherapi.com/weather/64x64/night/143.png,1030,5.6,9.0,90,E,1022.0,30.18,0.0,0.0,100,100,-4.3,24.4,3.6,2.0,1.0,19.9,32.0
Warsaw,,Poland,52.25,21.0,Europe/Warsaw,1670188503,2022-12-04 22:15,1670188500,2022-12-04 22:15,1.0,33.8,0,Mist,//cdn.weatherapi.com/weather/64x64/night/143.png,1030,5.6,9.0,90,E,1022.0,30.18,0.0,0.0,100,100,-4.1,24.7,3.6,2.0,1.0,19.0,30.6
Warsaw,,Poland,52.25,21.0,Europe/Warsaw,1670189402,2022-12-04 22:30,1670188500,2022-12-04 22:15,1.0,33.8,0,Mist,//cdn.weatherapi.com/weather/64x64/night/143.png,1030,8.1,13.0,100,E,1021.0,30.15,0.0,0.0,100,75,-4.1,24.7,4.5,2.0,1.0,19.0,30.6
Warsaw,,Poland,52.25,21.0,Europe/Warsaw,1670190302,2022-12-04 22:45,1670190300,2022-12-04 22:45,1.0,33.8,0,Mist,//cdn.weatherapi.com/weather/64x64/night/143.png,1030,8.1,13.0,100,E,1021.0,30.15,0.0,0.0,100,75,-4.1,24.7,4.5,2.0,1.0,19.0,30.6
Warsaw,,Poland,52.25,21.0,Europe/Warsaw,1670191202,2022-12-04 23:00,1670190300,2022-12-04 22:45,1.0,33.8,0,Mist,//cdn.weatherapi.com/weather/64x64/night/143.png,1030,6.9,11.2,80,E,1021.0,30.15,0.0,0.0,100,100,-4.1,24.7,3.5,2.0,1.0,19.0,30.6
Warsaw,,Poland,52.25,21.0,Europe/Warsaw,1670192104,2022-12-04 23:15,1670192100,2022-12-04 23:15,1.0,33.8,0,Mist,//cdn.weatherapi.com/weather/64x64/night/143.png,1030,6.9,11.2,80,E,1021.0,30.15,0.0,0.0,100,100,-3.9,25.0,3.5,2.0,1.0,18.3,29.5
Warsaw,,Poland,52.25,21.0,Europe/Warsaw,1670193003,2022-12-04 23:30,1670193000,2022-12-04 23:30,1.0,33.8,0,Mist,//cdn.weatherapi.com/weather/64x64/night/143.png,1030,8.1,13.0,80,E,1021.0,30.15,0.0,0.0,100,100,-4.0,24.9,3.6,2.0,1.0,18.1,29.2
Warsaw,,Poland,52.25,21.0,Europe/Warsaw,1670194383,2022-12-04 23:53,1670193900,2022-12-04 23:45,0.0,32.0,0,Mist,//cdn.weatherapi.com/weather/64x64/night/143.png,1030,9.4,15.1,100,E,1023.0,30.21,0.0,0.0,100,100,-5.2,22.6,3.4,2.0,1.0,18.1,29.2
Warsaw,,Poland,52.25,21.0,Europe/Warsaw,1670195066,2022-12-05 0:04,1670194800,2022-12-05 00:00,0.0,32.0,0,Mist,//cdn.weatherapi.com/weather/64x64/night/143.png,1030,9.4,15.1,100,E,1023.0,30.21,0.0,0.0,100,100,-5.2,22.7,3.4,2.0,1.0,19.0,30.6
Warsaw,,Poland,52.25,21.0,Europe/Warsaw,1670195703,2022-12-05 0:15,1670194800,2022-12-05 00:00,0.0,32.0,0,Mist,//cdn.weatherapi.com/weather/64x64/night/143.png,1030,9.4,15.1,100,E,1023.0,30.21,0.0,0.0,100,100,-5.2,22.7,3.4,2.0,1.0,19.0,30.6
Warsaw,,Poland,52.25,21.0,Europe/Warsaw,1670196699,2022-12-05 0:31,1670195700,2022-12-05 00:15,0.0,32.0,0,Mist,//cdn.weatherapi.com/weather/64x64/night/143.png,1030,9.4,15.1,90,E,1022.0,30.18,0.0,0.0,100,100,-5.2,22.7,2.3,1.0,1.0,19.0,30.6
Warsaw,,Poland,52.25,21.0,Europe/Warsaw,1670197724,2022-12-05 0:48,1670197500,2022-12-05 00:45,0.0,32.0,0,Mist,//cdn.weatherapi.com/weather/64x64/night/143.png,1030,10.5,16.9,100,E,1022.0,30.18,0.0,0.0,100,100,-5.2,22.7,3.0,1.0,1.0,19.0,30.6
Warsaw,,Poland,52.25,21.0,Europe/Warsaw,1670198402,2022-12-05 1:00,1670197500,2022-12-05 00:45,0.0,32.0,0,Mist,//cdn.weatherapi.com/weather/64x64/night/143.png,1030,10.5,16.9,100,E,1022.0,30.18,0.0,0.0,100,100,-5.2,22.7,3.0,1.0,1.0,19.0,30.6
Warsaw,,Poland,52.25,21.0,Europe/Warsaw,1670199881,2022-12-05 1:24,1670199300,2022-12-05 01:15,0.0,32.0,0,Mist,//cdn.weatherapi.com/weather/64x64/night/143.png,1030,10.5,16.9,100,E,1022.0,30.18,0.0,0.0,100,100,-5.2,22.7,3.0,1.0,1.0,19.0,30.6
Warsaw,,Poland,52.25,21.0,Europe/Warsaw,1670200853,2022-12-05 1:40,1670200200,2022-12-05 01:30,0.0,32.0,0,Mist,//cdn.weatherapi.com/weather/64x64/night/143.png,1030,10.5,16.9,100,E,1022.0,30.18,0.0,0.0,100,100,-5.2,22.7,3.0,1.0,1.0,19.0,30.6
Warsaw,,Poland,52.25,21.0,Europe/Warsaw,1670201106,2022-12-05 1:45,1670200200,2022-12-05 01:30,0.0,32.0,0,Mist,//cdn.weatherapi.com/weather/64x64/night/143.png,1030,10.5,16.9,100,E,1022.0,30.18,0.0,0.0,100,100,-5.2,22.7,3.0,1.0,1.0,19.0,30.6
Warsaw,,Poland,52.25,21.0,Europe/Warsaw,1670202002,2022-12-05 2:00,1670201100,2022-12-05 01:45,0.2,32.4,0,Partly cloudy,//cdn.weatherapi.com/weather/64x64/night/116.png,1003,12.1,19.4,119,ESE,1025.0,30.27,0.0,0.0,88,27,-4.9,23.2,10.0,6.0,1.0,19.0,30.6
Warsaw,,Poland,52.25,21.0,Europe/Warsaw,1670203577,2022-12-05 2:26,1670202900,2022-12-05 02:15,0.0,32.0,0,Mist,//cdn.weatherapi.com/weather/64x64/night/143.png,1030,11.9,19.1,100,E,1022.0,30.18,0.0,0.0,100,100,-5.0,23.0,3.9,2.0,1.0,17.9,28.8
Warsaw,,Poland,52.25,21.0,Europe/Warsaw,1670203801,2022-12-05 2:30,1670202900,2022-12-05 02:15,0.0,32.0,0,Mist,//cdn.weatherapi.com/weather/64x64/night/143.png,1030,11.9,19.1,100,E,1022.0,30.18,0.0,0.0,100,100,-5.0,23.0,3.9,2.0,1.0,17.9,28.8
Warsaw,,Poland,52.25,21.0,Europe/Warsaw,1670205406,2022-12-05 2:56,1670204700,2022-12-05 02:45,0.0,32.0,0,Mist,//cdn.weatherapi.com/weather/64x64/night/143.png,1030,9.4,15.1,100,E,1022.0,30.18,0.0,0.0,100,100,-5.0,23.0,4.6,2.0,1.0,17.9,28.8
Warsaw,,Poland,52.25,21.0,Europe/Warsaw,1670205602,2022-12-05 3:00,1670204700,2022-12-05 02:45,0.0,32.0,0,Mist,//cdn.weatherapi.com/weather/64x64/night/143.png,1030,9.4,15.1,100,E,1022.0,30.18,0.0,0.0,100,100,-5.0,23.0,4.6,2.0,1.0,17.9,28.8
Warsaw,,Poland,52.25,21.0,Europe/Warsaw,1670206744,2022-12-05 3:19,1670206500,2022-12-05 03:15,0.0,32.0,0,Mist,//cdn.weatherapi.com/weather/64x64/night/143.png,1030,12.5,20.2,90,E,1021.0,30.15,0.0,0.0,93,100,-4.8,23.3,4.8,2.0,1.0,17.0,27.4
Warsaw,,Poland,52.25,21.0,Europe/Warsaw,1670207672,2022-12-05 3:34,1670207400,2022-12-05 03:30,0.0,32.0,0,Mist,//cdn.weatherapi.com/weather/64x64/night/143.png,1030,12.5,20.2,90,E,1021.0,30.15,0.0,0.0,93,100,-4.8,23.3,4.8,2.0,1.0,17.0,27.4
Warsaw,,Poland,52.25,21.0,Europe/Warsaw,1670208672,2022-12-05 3:51,1670208300,2022-12-05 03:45,0.0,32.0,0,Mist,//cdn.weatherapi.com/weather/64x64/night/143.png,1030,10.5,16.9,100,E,1022.0,30.18,0.0,0.0,100,100,-4.8,23.3,5.0,3.0,1.0,17.0,27.4
Warsaw,,Poland,52.25,21.0,Europe/Warsaw,1670209202,2022-12-05 4:00,1670208300,2022-12-05 03:45,0.0,32.0,0,Mist,//cdn.weatherapi.com/weather/64x64/night/143.png,1030,10.5,16.9,100,E,1022.0,30.18,0.0,0.0,100,100,-4.8,23.3,5.0,3.0,1.0,17.0,27.4
Warsaw,,Poland,52.25,21.0,Europe/Warsaw,1670210506,2022-12-05 4:21,1670210100,2022-12-05 04:15,0.0,32.0,0,Mist,//cdn.weatherapi.com/weather/64x64/night/143.png,1030,10.5,16.9,100,E,1021.0,30.15,0.0,0.0,100,100,-4.9,23.2,5.0,3.0,1.0,17.0,27.4
Warsaw,,Poland,52.25,21.0,Europe/Warsaw,1670211194,2022-12-05 4:33,1670211000,2022-12-05 04:30,0.0,32.0,0,Mist,//cdn.weatherapi.com/weather/64x64/night/143.png,1030,10.5,16.9,100,E,1021.0,30.15,0.0,0.0,100,100,-4.9,23.2,5.0,3.0,1.0,17.0,27.4
Warsaw,,Poland,52.25,21.0,Europe/Warsaw,1670211909,2022-12-05 4:45,1670211000,2022-12-05 04:30,0.0,32.0,0,Mist,//cdn.weatherapi.com/weather/64x64/night/143.png,1030,10.5,16.9,100,E,1021.0,30.15,0.0,0.0,100,100,-4.9,23.2,5.0,3.0,1.0,17.0,27.4
Warsaw,,Poland,52.25,21.0,Europe/Warsaw,1670212952,2022-12-05 5:02,1670212800,2022-12-05 05:00,0.0,32.0,0,Mist,//cdn.weatherapi.com/weather/64x64/night/143.png,1030,9.4,15.1,100,E,1021.0,30.15,0.0,0.0,93,100,-4.9,23.2,4.5,2.0,1.0,17.0,27.4
Warsaw,,Poland,52.25,21.0,Europe/Warsaw,1670213966,2022-12-05 5:19,1670213700,2022-12-05 05:15,0.0,32.0,0,Mist,//cdn.weatherapi.com/weather/64x64/night/143.png,1030,6.9,11.2,110,ESE,1021.0,30.15,0.0,0.0,100,100,-4.9,23.2,4.2,2.0,1.0,17.0,27.4
Warsaw,,Poland,52.25,21.0,Europe/Warsaw,1670214683,2022-12-05 5:31,1670213700,2022-12-05 05:15,0.0,32.0,0,Mist,//cdn.weatherapi.com/weather/64x64/night/143.png,1030,6.9,11.2,110,ESE,1021.0,30.15,0.0,0.0,100,100,-4.8,23.3,4.2,2.0,1.0,16.6,26.6
Warsaw,,Poland,52.25,21.0,Europe/Warsaw,1670215728,2022-12-05 5:48,1670215500,2022-12-05 05:45,0.0,32.0,0,Overcast,//cdn.weatherapi.com/weather/64x64/night/122.png,1009,8.1,13.0,100,E,1021.0,30.15,0.0,0.0,100,100,-4.8,23.3,6.0,3.0,1.0,16.6,26.6
Warsaw,,Poland,52.25,21.0,Europe/Warsaw,1670216505,2022-12-05 6:01,1670216400,2022-12-05 06:00,0.0,32.0,0,Overcast,//cdn.weatherapi.com/weather/64x64/night/122.png,1009,8.1,13.0,100,E,1021.0,30.15,0.0,0.0,100,100,-4.9,23.1,6.0,3.0,1.0,17.2,27.7
Warsaw,,Poland,52.25,21.0,Europe/Warsaw,1670217322,2022-12-05 6:15,1670217300,2022-12-05 06:15,0.0,32.0,0,Overcast,//cdn.weatherapi.com/weather/64x64/night/122.png,1009,8.1,13.0,100,E,1021.0,30.15,0.0,0.0,100,100,-4.9,23.1,6.0,3.0,1.0,17.2,27.7
Warsaw,,Poland,52.25,21.0,Europe/Warsaw,1670218367,2022-12-05 6:32,1670218200,2022-12-05 06:30,0.0,32.0,0,Overcast,//cdn.weatherapi.com/weather/64x64/night/122.png,1009,8.1,13.0,110,ESE,1021.0,30.15,0.0,0.0,100,100,-4.9,23.1,7.0,4.0,1.0,17.2,27.7
Warsaw,,Poland,52.25,21.0,Europe/Warsaw,1670219400,2022-12-05 6:50,1670219100,2022-12-05 06:45,0.0,32.0,0,Overcast,//cdn.weatherapi.com/weather/64x64/night/122.png,1009,9.4,15.1,100,E,1021.0,30.15,0.0,0.0,100,100,-4.9,23.1,6.0,3.0,1.0,17.2,27.7
Warsaw,,Poland,52.25,21.0,Europe/Warsaw,1670220021,2022-12-05 7:00,1670219100,2022-12-05 06:45,0.0,32.0,0,Overcast,//cdn.weatherapi.com/weather/64x64/night/122.png,1009,9.4,15.1,100,E,1021.0,30.15,0.0,0.0,100,100,-4.9,23.1,6.0,3.0,1.0,17.2,27.7
Warsaw,,Poland,52.25,21.0,Europe/Warsaw,1670221195,2022-12-05 7:19,1670220900,2022-12-05 07:15,0.0,32.0,0,Mist,//cdn.weatherapi.com/weather/64x64/night/143.png,1030,8.1,13.0,100,E,1021.0,30.15,0.0,0.0,100,100,-4.9,23.2,5.0,3.0,1.0,17.0,27.4
Warsaw,,Poland,52.25,21.0,Europe/Warsaw,1670221883,2022-12-05 7:31,1670221800,2022-12-05 07:30,0.0,32.0,1,Mist,//cdn.weatherapi.com/weather/64x64/day/143.png,1030,8.1,13.0,100,E,1021.0,30.15,0.0,0.0,100,100,-4.9,23.2,5.0,3.0,1.0,17.0,27.4
Warsaw,,Poland,52.25,21.0,Europe/Warsaw,1670222959,2022-12-05 7:49,1670222700,2022-12-05 07:45,0.0,32.0,1,Mist,//cdn.weatherapi.com/weather/64x64/day/143.png,1030,9.4,15.1,100,E,1021.0,30.15,0.0,0.0,100,100,-4.9,23.2,4.9,3.0,1.0,17.0,27.4
Warsaw,,Poland,52.25,21.0,Europe/Warsaw,1670223644,2022-12-05 8:00,1670223600,2022-12-05 08:00,0.0,32.0,1,Overcast,//cdn.weatherapi.com/weather/64x64/day/122.png,1009,15.0,24.1,120,ESE,1024.0,30.24,0.0,0.0,86,100,-4.8,23.3,10.0,6.0,2.0,16.3,26.3
Warsaw,,Poland,52.25,21.0,Europe/Warsaw,1670224688,2022-12-05 8:18,1670224500,2022-12-05 08:15,0.0,32.0,1,Overcast,//cdn.weatherapi.com/weather/64x64/day/122.png,1009,12.5,20.2,120,ESE,1024.0,30.24,0.0,0.0,93,100,-4.8,23.3,10.0,6.0,2.0,16.3,26.3
Warsaw,,Poland,52.25,21.0,Europe/Warsaw,1670225405,2022-12-05 8:30,1670224500,2022-12-05 08:15,0.0,32.0,1,Overcast,//cdn.weatherapi.com/weather/64x64/day/122.png,1009,12.5,20.2,120,ESE,1024.0,30.24,0.0,0.0,93,100,-4.8,23.3,10.0,6.0,2.0,16.3,26.3
Warsaw,,Poland,52.25,21.0,Europe/Warsaw,1670226304,2022-12-05 8:45,1670226300,2022-12-05 08:45,0.0,32.0,1,Overcast,//cdn.weatherapi.com/weather/64x64/day/122.png,1009,12.5,20.2,120,ESE,1024.0,30.24,0.0,0.0,93,100,-4.8,23.3,10.0,6.0,2.0,16.3,26.3
Warsaw,,Poland,52.25,21.0,Europe/Warsaw,1670227584,2022-12-05 9:06,1670227200,2022-12-05 09:00,0.0,32.0,1,Overcast,//cdn.weatherapi.com/weather/64x64/day/122.png,1009,12.5,20.2,110,ESE,1024.0,30.24,0.0,0.0,93,100,-4.9,23.2,10.0,6.0,2.0,15.7,25.2
Warsaw,,Poland,52.25,21.0,Europe/Warsaw,1670228108,2022-12-05 9:15,1670227200,2022-12-05 09:00,0.0,32.0,1,Overcast,//cdn.weatherapi.com/weather/64x64/day/122.png,1009,12.5,20.2,110,ESE,1024.0,30.24,0.0,0.0,93,100,-4.9,23.2,10.0,6.0,2.0,15.7,25.2
Warsaw,,Poland,52.25,21.0,Europe/Warsaw,1670229008,2022-12-05 9:30,1670229000,2022-12-05 09:30,0.0,32.0,1,Overcast,//cdn.weatherapi.com/weather/64x64/day/122.png,1009,15.0,24.1,110,ESE,1024.0,30.24,0.0,0.0,93,100,-4.9,23.2,10.0,6.0,2.0,15.7,25.2
Warsaw,,Poland,52.25,21.0,Europe/Warsaw,1670229907,2022-12-05 9:45,1670229900,2022-12-05 09:45,0.0,32.0,1,Overcast,//cdn.weatherapi.com/weather/64x64/day/122.png,1009,15.0,24.1,110,ESE,1024.0,30.24,0.0,0.0,93,100,-4.9,23.2,10.0,6.0,2.0,15.7,25.2
Warsaw,,Poland,52.25,21.0,Europe/Warsaw,1670230807,2022-12-05 10:00,1670229900,2022-12-05 09:45,1.0,33.8,1,Overcast,//cdn.weatherapi.com/weather/64x64/day/122.png,1009,13.6,22.0,120,ESE,1023.0,30.21,0.0,0.0,86,100,-3.6,25.5,10.0,6.0,2.0,15.7,25.2
Warsaw,,Poland,52.25,21.0,Europe/Warsaw,1670231708,2022-12-05 10:15,1670230800,2022-12-05 10:00,1.0,33.8,1,Overcast,//cdn.weatherapi.com/weather/64x64/day/122.png,1009,13.6,22.0,120,ESE,1023.0,30.21,0.0,0.0,86,100,-3.7,25.4,10.0,6.0,2.0,15.2,24.5
Warsaw,,Poland,52.25,21.0,Europe/Warsaw,1670232897,2022-12-05 10:34,1670232600,2022-12-05 10:30,1.0,33.8,1,Overcast,//cdn.weatherapi.com/weather/64x64/day/122.png,1009,13.6,22.0,120,ESE,1024.0,30.24,0.0,0.0,86,100,-3.7,25.4,10.0,6.0,2.0,15.2,24.5
Warsaw,,Poland,52.25,21.0,Europe/Warsaw,1670233584,2022-12-05 10:46,1670232600,2022-12-05 10:30,1.0,33.8,1,Overcast,//cdn.weatherapi.com/weather/64x64/day/122.png,1009,13.6,22.0,120,ESE,1024.0,30.24,0.0,0.0,86,100,-3.7,25.4,10.0,6.0,2.0,15.2,24.5
Warsaw,,Poland,52.25,21.0,Europe/Warsaw,1670236081,2022-12-05 11:28,1670235300,2022-12-05 11:15,1.0,33.8,1,Overcast,//cdn.weatherapi.com/weather/64x64/day/122.png,1009,13.6,22.0,110,ESE,1023.0,30.21,0.0,0.0,86,100,-3.7,25.4,10.0,6.0,2.0,13.0,20.9
Warsaw,,Poland,52.25,21.0,Europe/Warsaw,1670236658,2022-12-05 11:37,1670236200,2022-12-05 11:30,1.0,33.8,1,Overcast,//cdn.weatherapi.com/weather/64x64/day/122.png,1009,13.6,22.0,110,ESE,1023.0,30.21,0.0,0.0,86,100,-3.7,25.4,10.0,6.0,2.0,13.0,20.9
Warsaw,,Poland,52.25,21.0,Europe/Warsaw,1670237379,2022-12-05 11:49,1670237100,2022-12-05 11:45,1.0,33.8,1,Overcast,//cdn.weatherapi.com/weather/64x64/day/122.png,1009,12.5,20.2,120,ESE,1023.0,30.21,0.0,0.0,86,100,-3.7,25.4,10.0,6.0,2.0,13.0,20.9
Warsaw,,Poland,52.25,21.0,Europe/Warsaw,1670238004,2022-12-05 12:00,1670238000,2022-12-05 12:00,1.0,33.8,1,Overcast,//cdn.weatherapi.com/weather/64x64/day/122.png,1009,12.5,20.2,120,ESE,1023.0,30.21,0.0,0.0,86,100,-3.6,25.6,10.0,6.0,2.0,12.5,20.2
Warsaw,,Poland,52.25,21.0,Europe/Warsaw,1670238904,2022-12-05 12:15,1670238000,2022-12-05 12:00,1.0,33.8,1,Overcast,//cdn.weatherapi.com/weather/64x64/day/122.png,1009,12.5,20.2,120,ESE,1023.0,30.21,0.0,0.0,86,100,-3.6,25.6,10.0,6.0,2.0,12.5,20.2
Warsaw,,Poland,52.25,21.0,Europe/Warsaw,1670240071,2022-12-05 12:34,1670239800,2022-12-05 12:30,1.0,33.8,1,Overcast,//cdn.weatherapi.com/weather/64x64/day/122.png,1009,12.5,20.2,120,ESE,1023.0,30.21,0.0,0.0,86,100,-3.6,25.6,10.0,6.0,2.0,12.5,20.2
Warsaw,,Poland,52.25,21.0,Europe/Warsaw,1670240704,2022-12-05 12:45,1670239800,2022-12-05 12:30,1.0,33.8,1,Overcast,//cdn.weatherapi.com/weather/64x64/day/122.png,1009,12.5,20.2,120,ESE,1023.0,30.21,0.0,0.0,86,100,-3.6,25.6,10.0,6.0,2.0,12.5,20.2
Warsaw,,Poland,52.25,21.0,Europe/Warsaw,1670245357,2022-12-05 14:02,1670245200,2022-12-05 14:00,1.0,33.8,1,Overcast,//cdn.weatherapi.com/weather/64x64/day/122.png,1009,10.5,16.9,120,ESE,1022.0,30.18,0.0,0.0,93,100,-3.1,26.5,10.0,6.0,2.0,13.0,20.9
Warsaw,,Poland,52.25,21.0,Europe/Warsaw,1670246106,2022-12-05 14:15,1670245200,2022-12-05 14:00,1.0,33.8,1,Overcast,//cdn.weatherapi.com/weather/64x64/day/122.png,1009,10.5,16.9,120,ESE,1022.0,30.18,0.0,0.0,93,100,-3.1,26.5,10.0,6.0,2.0,13.0,20.9
Warsaw,,Poland,52.25,21.0,Europe/Warsaw,1670247005,2022-12-05 14:30,1670246100,2022-12-05 14:15,1.0,33.8,1,Overcast,//cdn.weatherapi.com/weather/64x64/day/122.png,1009,10.5,16.9,120,ESE,1022.0,30.18,0.0,0.0,93,100,-3.1,26.5,10.0,6.0,2.0,13.0,20.9
Warsaw,,Poland,52.25,21.0,Europe/Warsaw,1670247905,2022-12-05 14:45,1670247000,2022-12-05 14:30,1.0,33.8,1,Overcast,//cdn.weatherapi.com/weather/64x64/day/122.png,1009,10.5,16.9,120,ESE,1022.0,30.18,0.0,0.0,93,100,-3.1,26.5,10.0,6.0,2.0,13.0,20.9
Warsaw,,Poland,52.25,21.0,Europe/Warsaw,1670248804,2022-12-05 15:00,1670247900,2022-12-05 14:45,1.0,33.8,1,Overcast,//cdn.weatherapi.com/weather/64x64/day/122.png,1009,11.9,19.1,120,ESE,1022.0,30.18,0.0,0.0,93,100,-3.1,26.5,10.0,6.0,2.0,13.0,20.9
Warsaw,,Poland,52.25,21.0,Europe/Warsaw,1670249706,2022-12-05 15:15,1670248800,2022-12-05 15:00,1.0,33.8,1,Overcast,//cdn.weatherapi.com/weather/64x64/day/122.png,1009,11.9,19.1,120,ESE,1022.0,30.18,0.0,0.0,93,100,-2.8,27.0,10.0,6.0,1.0,13.0,20.9
Warsaw,,Poland,52.25,21.0,Europe/Warsaw,1670250605,2022-12-05 15:30,1670249700,2022-12-05 15:15,1.0,33.8,0,Overcast,//cdn.weatherapi.com/weather/64x64/night/122.png,1009,10.5,16.9,120,ESE,1021.0,30.15,0.0,0.0,93,100,-2.8,27.0,10.0,6.0,1.0,13.0,20.9
Warsaw,,Poland,52.25,21.0,Europe/Warsaw,1670251505,2022-12-05 15:45,1670250600,2022-12-05 15:30,1.0,33.8,0,Overcast,//cdn.weatherapi.com/weather/64x64/night/122.png,1009,10.5,16.9,120,ESE,1021.0,30.15,0.0,0.0,93,100,-2.8,27.0,10.0,6.0,1.0,13.0,20.9
Warsaw,,Poland,52.25,21.0,Europe/Warsaw,1670252405,2022-12-05 16:00,1670251500,2022-12-05 15:45,1.0,33.8,0,Overcast,//cdn.weatherapi.com/weather/64x64/night/122.png,1009,10.5,16.9,110,ESE,1021.0,30.15,0.0,0.0,93,100,-2.8,27.0,10.0,6.0,1.0,13.0,20.9
Warsaw,,Poland,52.25,21.0,Europe/Warsaw,1670253499,2022-12-05 16:18,1670253300,2022-12-05 16:15,1.0,33.8,0,Overcast,//cdn.weatherapi.com/weather/64x64/night/122.png,1009,11.9,19.1,110,ESE,1021.0,30.15,0.0,0.0,93,100,-2.9,26.7,10.0,6.0,1.0,14.5,23.4
Warsaw,,Poland,52.25,21.0,Europe/Warsaw,1670254205,2022-12-05 16:30,1670253300,2022-12-05 16:15,1.0,33.8,0,Overcast,//cdn.weatherapi.com/weather/64x64/night/122.png,1009,11.9,19.1,110,ESE,1021.0,30.15,0.0,0.0,93,100,-2.9,26.7,10.0,6.0,1.0,14.5,23.4
Warsaw,,Poland,52.25,21.0,Europe/Warsaw,1670256243,2022-12-05 17:04,1670256000,2022-12-05 17:00,1.0,33.8,0,Overcast,//cdn.weatherapi.com/weather/64x64/night/122.png,1009,10.5,16.9,120,ESE,1021.0,30.15,0.0,0.0,93,100,-2.8,27.0,10.0,6.0,1.0,13.2,21.2
Warsaw,,Poland,52.25,21.0,Europe/Warsaw,1670258765,2022-12-05 17:46,1670257800,2022-12-05 17:30,1.0,33.8,0,Overcast,//cdn.weatherapi.com/weather/64x64/night/122.png,1009,10.5,16.9,120,ESE,1021.0,30.15,0.0,0.0,93,100,-2.7,27.1,10.0,6.0,1.0,13.0,20.9
Warsaw,,Poland,52.25,21.0,Europe/Warsaw,1670259608,2022-12-05 18:00,1670258700,2022-12-05 17:45,1.0,33.8,0,Overcast,//cdn.weatherapi.com/weather/64x64/night/122.png,1009,10.5,16.9,120,ESE,1021.0,30.15,0.0,0.0,93,100,-2.7,27.1,10.0,6.0,1.0,13.0,20.9
Warsaw,,Poland,52.25,21.0,Europe/Warsaw,1670260507,2022-12-05 18:15,1670259600,2022-12-05 18:00,1.0,33.8,0,Overcast,//cdn.weatherapi.com/weather/64x64/night/122.png,1009,10.5,16.9,130,SE,1020.0,30.12,0.0,0.0,93,100,-2.7,27.1,10.0,6.0,1.0,13.0,20.9
Warsaw,,Poland,52.25,21.0,Europe/Warsaw,1670261406,2022-12-05 18:30,1670260500,2022-12-05 18:15,1.0,33.8,0,Partly cloudy,//cdn.weatherapi.com/weather/64x64/night/116.png,1003,9.4,15.1,120,ESE,1020.0,30.12,0.0,0.0,93,75,-2.7,27.1,10.0,6.0,1.0,13.0,20.9
Warsaw,,Poland,52.25,21.0,Europe/Warsaw,1670262306,2022-12-05 18:45,1670261400,2022-12-05 18:30,1.0,33.8,0,Partly cloudy,//cdn.weatherapi.com/weather/64x64/night/116.png,1003,9.4,15.1,120,ESE,1020.0,30.12,0.0,0.0,93,75,-2.7,27.1,10.0,6.0,1.0,13.0,20.9
Warsaw,,Poland,52.25,21.0,Europe/Warsaw,1670263486,2022-12-05 19:04,1670263200,2022-12-05 19:00,2.0,35.6,0,Partly cloudy,//cdn.weatherapi.com/weather/64x64/night/116.png,1003,9.4,15.1,120,ESE,1020.0,30.12,0.0,0.0,87,75,-1.2,29.8,10.0,6.0,1.0,11.4,18.4
Warsaw,,Poland,52.25,21.0,Europe/Warsaw,1670264870,2022-12-05 19:27,1670264100,2022-12-05 19:15,2.0,35.6,0,Partly cloudy,//cdn.weatherapi.com/weather/64x64/night/116.png,1003,9.4,15.1,130,SE,1020.0,30.12,0.0,0.0,87,75,-1.2,29.8,10.0,6.0,1.0,11.4,18.4
Warsaw,,Poland,52.25,21.0,Europe/Warsaw,1670267047,2022-12-05 20:04,1670266800,2022-12-05 20:00,2.0,35.6,0,Partly cloudy,//cdn.weatherapi.com/weather/64x64/night/116.png,1003,9.4,15.1,130,SE,1020.0,30.12,0.0,0.0,87,75,-1.1,30.0,10.0,6.0,1.0,11.6,18.7
Warsaw,,Poland,52.25,21.0,Europe/Warsaw,1670268063,2022-12-05 20:21,1670267700,2022-12-05 20:15,2.0,35.6,0,Partly cloudy,//cdn.weatherapi.com/weather/64x64/night/116.png,1003,10.5,16.9,130,SE,1020.0,30.12,0.0,0.0,87,75,-1.1,30.0,10.0,6.0,1.0,11.6,18.7
Warsaw,,Poland,52.25,21.0,Europe/Warsaw,1670269920,2022-12-05 20:52,1670269500,2022-12-05 20:45,2.0,35.6,0,Partly cloudy,//cdn.weatherapi.com/weather/64x64/night/116.png,1003,10.5,16.9,140,SE,1020.0,30.12,0.0,0.0,87,75,-1.1,30.0,10.0,6.0,1.0,11.6,18.7
Warsaw,,Poland,52.25,21.0,Europe/Warsaw,1670271938,2022-12-05 21:25,1670271300,2022-12-05 21:15,2.0,35.6,0,Partly cloudy,//cdn.weatherapi.com/weather/64x64/night/116.png,1003,10.5,16.9,140,SE,1020.0,30.12,0.0,0.0,87,75,-1.2,29.8,10.0,6.0,1.0,12.3,19.8
Warsaw,,Poland,52.25,21.0,Europe/Warsaw,1670276650,2022-12-05 22:44,1670275800,2022-12-05 22:30,2.0,35.6,0,Partly cloudy,//cdn.weatherapi.com/weather/64x64/night/116.png,1003,10.5,16.9,140,SE,1020.0,30.12,0.0,0.0,87,75,-1.3,29.7,10.0,6.0,1.0,12.1,19.4
Warsaw,,Poland,52.25,21.0,Europe/Warsaw,1670279886,2022-12-05 23:38,1670279400,2022-12-05 23:30,2.0,35.6,0,Partly cloudy,//cdn.weatherapi.com/weather/64x64/night/116.png,1003,9.4,15.1,130,SE,1019.0,30.09,0.0,0.0,87,75,-0.9,30.3,10.0,6.0,1.0,10.1,16.2
Warsaw,,Poland,52.25,21.0,Europe/Warsaw,1670280183,2022-12-05 23:43,1670279400,2022-12-05 23:30,2.0,35.6,0,Partly cloudy,//cdn.weatherapi.com/weather/64x64/night/116.png,1003,9.4,15.1,130,SE,1019.0,30.09,0.0,0.0,87,75,-0.9,30.3,10.0,6.0,1.0,10.1,16.2
Warsaw,,Poland,52.25,21.0,Europe/Warsaw,1670281204,2022-12-06 0:00,1670281200,2022-12-06 00:00,2.0,35.6,0,Partly cloudy,//cdn.weatherapi.com/weather/64x64/night/116.png,1003,10.5,16.9,140,SE,1019.0,30.09,0.0,0.0,87,75,-0.9,30.5,10.0,6.0,1.0,10.3,16.6
Warsaw,,Poland,52.25,21.0,Europe/Warsaw,1670282105,2022-12-06 0:15,1670281200,2022-12-06 00:00,2.0,35.6,0,Partly cloudy,//cdn.weatherapi.com/weather/64x64/night/116.png,1003,10.5,16.9,140,SE,1019.0,30.09,0.0,0.0,87,75,-0.9,30.5,10.0,6.0,1.0,10.3,16.6
Warsaw,,Poland,52.25,21.0,Europe/Warsaw,1670283004,2022-12-06 0:30,1670282100,2022-12-06 00:15,2.0,35.6,0,Partly cloudy,//cdn.weatherapi.com/weather/64x64/night/116.png,1003,9.4,15.1,140,SE,1019.0,30.09,0.0,0.0,87,75,-0.9,30.5,10.0,6.0,1.0,10.3,16.6
Warsaw,,Poland,52.25,21.0,Europe/Warsaw,1670404763,2022-12-07 10:19,1670404500,2022-12-07 10:15,1.0,33.8,1,Partly cloudy,//cdn.weatherapi.com/weather/64x64/day/116.png,1003,11.9,19.1,250,WSW,1007.0,29.74,2.3,0.09,100,75,-3.5,25.7,9.0,5.0,1.0,15.7,25.2
Warsaw,,Poland,52.25,21.0,Europe/Warsaw,1670405403,2022-12-07 10:30,1670404500,2022-12-07 10:15,1.0,33.8,1,Partly cloudy,//cdn.weatherapi.com/weather/64x64/day/116.png,1003,11.9,19.1,250,WSW,1007.0,29.74,2.3,0.09,100,75,-3.5,25.7,9.0,5.0,1.0,15.7,25.2
Warsaw,,Poland,52.25,21.0,Europe/Warsaw,1670406302,2022-12-07 10:45,1670405400,2022-12-07 10:30,1.0,33.8,1,Partly cloudy,//cdn.weatherapi.com/weather/64x64/day/116.png,1003,11.9,19.1,250,WSW,1007.0,29.74,2.3,0.09,100,75,-3.5,25.7,9.0,5.0,1.0,15.7,25.2
Warsaw,,Poland,52.25,21.0,Europe/Warsaw,1670407202,2022-12-07 11:00,1670406300,2022-12-07 10:45,2.0,35.6,1,Partly cloudy,//cdn.weatherapi.com/weather/64x64/day/116.png,1003,9.4,15.1,260,W,1007.0,29.74,2.3,0.09,93,75,-2.3,27.9,10.0,6.0,1.0,15.7,25.2
Warsaw,,Poland,52.25,21.0,Europe/Warsaw,1670408101,2022-12-07 11:15,1670407200,2022-12-07 11:00,2.0,35.6,1,Partly cloudy,//cdn.weatherapi.com/weather/64x64/day/116.png,1003,9.4,15.1,260,W,1007.0,29.74,0.0,0.0,93,75,-2.4,27.7,10.0,6.0,1.0,15.7,25.2
Warsaw,,Poland,52.25,21.0,Europe/Warsaw,1670409100,2022-12-07 11:31,1670409000,2022-12-07 11:30,1.3,34.3,1,Overcast,//cdn.weatherapi.com/weather/64x64/day/122.png,1009,11.0,17.6,255,WSW,1008.0,29.76,0.0,0.0,98,100,-3.2,26.2,10.0,6.0,1.0,15.7,25.2
Warsaw,,Poland,52.25,21.0,Europe/Warsaw,1670410056,2022-12-07 11:47,1670409900,2022-12-07 11:45,2.0,35.6,1,Partly cloudy,//cdn.weatherapi.com/weather/64x64/day/116.png,1003,12.5,20.2,260,W,1007.0,29.74,0.0,0.0,93,50,-2.3,27.8,10.0,6.0,1.0,15.4,24.8
Warsaw,,Poland,52.25,21.0,Europe/Warsaw,1670411550,2022-12-07 12:12,1670410800,2022-12-07 12:00,2.0,35.6,1,Partly cloudy,//cdn.weatherapi.com/weather/64x64/day/116.png,1003,12.5,20.2,260,W,1007.0,29.74,0.5,0.02,93,50,-2.4,27.7,10.0,6.0,1.0,15.2,24.5
Warsaw,,Poland,52.25,21.0,Europe/Warsaw,1670412605,2022-12-07 12:30,1670411700,2022-12-07 12:15,2.0,35.6,1,Partly cloudy,//cdn.weatherapi.com/weather/64x64/day/116.png,1003,13.6,22.0,260,W,1007.0,29.74,0.5,0.02,93,50,-2.4,27.7,10.0,6.0,1.0,15.2,24.5
Warsaw,,Poland,52.25,21.0,Europe/Warsaw,1670413506,2022-12-07 12:45,1670412600,2022-12-07 12:30,2.0,35.6,1,Partly cloudy,//cdn.weatherapi.com/weather/64x64/day/116.png,1003,13.6,22.0,260,W,1007.0,29.74,0.5,0.02,93,50,-2.4,27.7,10.0,6.0,1.0,15.2,24.5
Warsaw,,Poland,52.25,21.0,Europe/Warsaw,1670414404,2022-12-07 13:00,1670413500,2022-12-07 12:45,3.0,37.4,1,Partly cloudy,//cdn.weatherapi.com/weather/64x64/day/116.png,1003,11.9,19.1,240,WSW,1007.0,29.74,0.5,0.02,87,75,-1.1,30.0,10.0,6.0,1.0,15.2,24.5
Warsaw,,Poland,52.25,21.0,Europe/Warsaw,1670415304,2022-12-07 13:15,1670414400,2022-12-07 13:00,3.0,37.4,1,Partly cloudy,//cdn.weatherapi.com/weather/64x64/day/116.png,1003,11.9,19.1,240,WSW,1007.0,29.74,0.0,0.0,87,75,-1.1,30.0,10.0,6.0,1.0,14.8,23.8
Warsaw,,Poland,52.25,21.0,Europe/Warsaw,1670417047,2022-12-07 13:44,1670416200,2022-12-07 13:30,3.0,37.4,1,Partly cloudy,//cdn.weatherapi.com/weather/64x64/day/116.png,1003,11.9,19.1,240,WSW,1006.0,29.71,0.0,0.0,87,75,-1.1,30.0,10.0,6.0,1.0,14.8,23.8
Warsaw,,Poland,52.25,21.0,Europe/Warsaw,1670418004,2022-12-07 14:00,1670417100,2022-12-07 13:45,2.0,35.6,1,Partly cloudy,//cdn.weatherapi.com/weather/64x64/day/116.png,1003,9.4,15.1,230,SW,1006.0,29.71,0.0,0.0,93,75,-2.4,27.7,10.0,6.0,1.0,14.8,23.8
Warsaw,,Poland,52.25,21.0,Europe/Warsaw,1670418902,2022-12-07 14:15,1670418000,2022-12-07 14:00,2.0,35.6,1,Partly cloudy,//cdn.weatherapi.com/weather/64x64/day/116.png,1003,9.4,15.1,230,SW,1006.0,29.71,0.0,0.0,93,75,-2.2,28.0,10.0,6.0,1.0,14.1,22.7
Warsaw,,Poland,52.25,21.0,Europe/Warsaw,1670419802,2022-12-07 14:30,1670418900,2022-12-07 14:15,2.0,35.6,1,Partly cloudy,//cdn.weatherapi.com/weather/64x64/day/116.png,1003,8.1,13.0,220,SW,1006.0,29.71,0.0,0.0,93,75,-2.2,28.0,10.0,6.0,1.0,14.1,22.7
Warsaw,,Poland,52.25,21.0,Europe/Warsaw,1670420702,2022-12-07 14:45,1670420700,2022-12-07 14:45,2.0,35.6,1,Partly cloudy,//cdn.weatherapi.com/weather/64x64/day/116.png,1003,8.1,13.0,220,SW,1006.0,29.71,0.0,0.0,93,75,-2.2,28.0,10.0,6.0,1.0,14.1,22.7
Warsaw,,Poland,52.25,21.0,Europe/Warsaw,1670421602,2022-12-07 15:00,1670420700,2022-12-07 14:45,2.0,35.6,1,Light rain,//cdn.weatherapi.com/weather/64x64/day/296.png,1183,9.4,15.1,240,WSW,1006.0,29.71,0.0,0.0,93,75,-2.2,28.0,10.0,6.0,1.0,14.1,22.7
Warsaw,,Poland,52.25,21.0,Europe/Warsaw,1670422502,2022-12-07 15:15,1670421600,2022-12-07 15:00,2.0,35.6,1,Light rain,//cdn.weatherapi.com/weather/64x64/day/296.png,1183,9.4,15.1,240,WSW,1006.0,29.71,0.0,0.0,93,75,-2.5,27.4,10.0,6.0,1.0,16.3,26.3
Warsaw,,Poland,52.25,21.0,Europe/Warsaw,1670423402,2022-12-07 15:30,1670422500,2022-12-07 15:15,2.0,35.6,0,Light rain,//cdn.weatherapi.com/weather/64x64/night/296.png,1183,9.4,15.1,230,SW,1006.0,29.71,0.0,0.0,93,75,-2.5,27.4,10.0,6.0,1.0,16.3,26.3
Warsaw,,Poland,52.25,21.0,Europe/Warsaw,1670424302,2022-12-07 15:45,1670423400,2022-12-07 15:30,2.0,35.6,0,Light rain,//cdn.weatherapi.com/weather/64x64/night/296.png,1183,9.4,15.1,230,SW,1006.0,29.71,0.0,0.0,93,75,-2.5,27.4,10.0,6.0,1.0,16.3,26.3
Warsaw,,Poland,52.25,21.0,Europe/Warsaw,1670425202,2022-12-07 16:00,1670424300,2022-12-07 15:45,2.0,35.6,0,Light sleet,//cdn.weatherapi.com/weather/64x64/night/317.png,1204,11.9,19.1,230,SW,1006.0,29.71,0.0,0.0,87,75,-2.5,27.4,10.0,6.0,1.0,16.3,26.3
Warsaw,,Poland,52.25,21.0,Europe/Warsaw,1670426102,2022-12-07 16:15,1670426100,2022-12-07 16:15,2.0,35.6,0,Light sleet,//cdn.weatherapi.com/weather/64x64/night/317.png,1204,11.9,19.1,230,SW,1006.0,29.71,0.1,0.0,87,75,-2.5,27.5,10.0,6.0,1.0,15.4,24.8
